{"cameraMode":{"drawMode":0,"name":"Shaded","section":"Shading Mode"},"sceneLighting":true,"audioPlay":false,"sceneViewState":{"showFog":true,"showMaterialUpdate":false,"showSkybox":true,"showFlares":true,"showImageEffects":true,"showParticleSystems":true,"showVisualEffectGraphs":true,"m_FxEnabled":true},"in2DMode":false,"pivot":{"x":1100.947509765625,"y":297.46978759765627,"z":33.3509521484375},"rotation":{"x":-0.016808584332466127,"y":0.006596240680664778,"z":-0.00011110769264632836,"w":-0.9998382925987244},"size":788.1236572265625,"orthographic":false}